tipo,id
individual,30
individual,30
individual,31
individual,50
individual,86
individual,20
individual,82
individual,3
individual,29
individual,43
individual,45
individual,84
individual,98
individual,21
individual,35
individual,142
individual,1
individual,15
individual,56
individual,38
individual,3
individual,27
individual,101
individual,98
individual,200
individual,83
individual,37
individual,114
individual,82
individual,30
individual,1
individual,32
individual,33
individual,56
individual,79
individual,51
individual,63
individual,8
individual,73
individual,185
individual,43
individual,49
individual,60
individual,57
individual,47
individual,15
individual,72
individual,89
individual,32
individual,67
individual,59
individual,57
individual,20
individual,31
individual,93
individual,90
individual,62
individual,37
individual,37
individual,99
individual,97
individual,93
individual,17
individual,27
individual,95
individual,137
individual,144
individual,33
individual,11
individual,24
individual,69
individual,70
individual,88
individual,168
individual,35
individual,12
individual,64
individual,135
individual,40
individual,142
individual,34
individual,91
individual,44
individual,10
individual,22
individual,123
individual,43
individual,2
individual,7
individual,24
individual,95
individual,130
individual,67
individual,111
individual,45
individual,73
individual,21
individual,74
individual,157
individual,52
individual,20
individual,77
individual,106
individual,81
individual,38
individual,6
individual,68
individual,195
individual,76
individual,165
individual,25
individual,158
individual,27
individual,35
individual,2
individual,46
individual,4
individual,17
individual,48
individual,58
individual,3
individual,4
individual,34
individual,44
individual,100
individual,59
individual,92
individual,12
individual,32
individual,94
individual,15
individual,16
individual,62
individual,38
individual,176
individual,30
individual,90
individual,33
individual,86
individual,71
individual,100
individual,16
individual,51
individual,21
individual,33
individual,82
individual,165
individual,104
individual,46
individual,139
individual,62
individual,32
individual,62
individual,99
individual,54
individual,79
individual,161
individual,20
individual,24
individual,78
individual,48
individual,26
individual,60
individual,54
individual,7
individual,47
individual,3
individual,47
individual,83
individual,6
individual,184
individual,85
individual,62
individual,26
individual,30
individual,6
individual,78
individual,27
individual,52
individual,85
individual,24
individual,75
individual,39
individual,7
individual,60
individual,19
individual,92
individual,85
individual,36
individual,21
individual,112
individual,98
individual,58
individual,10
individual,89
individual,57
individual,47
individual,40
individual,90
individual,26
descendientes,127
descendientes,87
descendientes,144
descendientes,60
descendientes,40
descendientes,40
descendientes,6
descendientes,72
descendientes,139
descendientes,47
descendientes,23
descendientes,73
descendientes,154
descendientes,96
descendientes,46
descendientes,23
descendientes,71
descendientes,79
descendientes,69
descendientes,69
descendientes,60
descendientes,99
descendientes,24
descendientes,46
descendientes,129
descendientes,170
descendientes,62
descendientes,29
descendientes,24
descendientes,64
descendientes,52
descendientes,37
descendientes,35
descendientes,26
descendientes,3
descendientes,158
descendientes,26
descendientes,20
descendientes,39
descendientes,11
descendientes,54
descendientes,52
descendientes,167
descendientes,157
descendientes,54
descendientes,173
descendientes,45
descendientes,1
descendientes,2
descendientes,59
descendientes,82
descendientes,49
descendientes,28
descendientes,30
descendientes,51
descendientes,65
descendientes,4
descendientes,50
descendientes,44
descendientes,34
descendientes,3
descendientes,20
descendientes,5
descendientes,13
descendientes,64
descendientes,57
descendientes,40
descendientes,77
descendientes,77
descendientes,56
descendientes,80
descendientes,72
descendientes,85
descendientes,80
descendientes,65
descendientes,1
descendientes,94
descendientes,119
descendientes,72
descendientes,158
descendientes,12
descendientes,84
descendientes,33
descendientes,6
descendientes,45
descendientes,73
descendientes,22
descendientes,59
descendientes,62
descendientes,95
descendientes,67
descendientes,105
descendientes,89
descendientes,56
descendientes,69
descendientes,73
descendientes,88
descendientes,73
descendientes,6
descendientes,92
descendientes,84
descendientes,41
descendientes,31
descendientes,50
descendientes,41
descendientes,74
descendientes,5
descendientes,6
descendientes,76
descendientes,73
descendientes,76
descendientes,70
descendientes,29
descendientes,13
descendientes,88
descendientes,89
descendientes,14
descendientes,137
descendientes,67
descendientes,74
descendientes,83
descendientes,17
descendientes,6
descendientes,137
descendientes,63
descendientes,12
descendientes,39
descendientes,157
descendientes,40
descendientes,28
descendientes,10
descendientes,20
descendientes,85
descendientes,66
descendientes,25
descendientes,53
descendientes,50
descendientes,31
descendientes,26
descendientes,53
descendientes,8
descendientes,66
descendientes,73
descendientes,192
descendientes,49
descendientes,65
descendientes,11
descendientes,91
descendientes,81
descendientes,64
descendientes,9
descendientes,97
descendientes,22
descendientes,23
descendientes,66
descendientes,180
descendientes,15
descendientes,6
descendientes,17
descendientes,156
descendientes,41
descendientes,29
descendientes,70
descendientes,78
descendientes,83
descendientes,16
descendientes,24
descendientes,79
descendientes,70
descendientes,37
descendientes,36
descendientes,94
descendientes,95
descendientes,77
descendientes,70
descendientes,56
descendientes,31
descendientes,65
descendientes,12
descendientes,60
descendientes,41
descendientes,68
descendientes,89
descendientes,35
descendientes,40
descendientes,90
descendientes,11
descendientes,30
descendientes,19
descendientes,151
descendientes,21
descendientes,12
descendientes,4
descendientes,85
descendientes,69
descendientes,71
descendientes,3
descendientes,19
descendientes,78
descendientes,88
