id,idPadre,nombre,esfuerzo,completada
1,0,Tarea 1,2,1
2,0,Tarea 2,7,0
3,0,Tarea 3,7,0
4,0,Tarea 4,4,1
5,0,Tarea 5,7,0
6,0,Tarea 6,3,1
7,0,Tarea 7,7,0
8,0,Tarea 8,6,1
9,0,Tarea 9,2,0
10,0,Tarea 10,1,1
11,0,Tarea 11,7,0
12,0,Tarea 12,7,0
13,0,Tarea 13,6,1
14,0,Tarea 14,4,1
15,0,Tarea 15,8,0
16,0,Tarea 16,7,0
17,0,Tarea 17,8,1
18,0,Tarea 18,2,0
19,0,Tarea 19,3,1
20,0,Tarea 20,7,0
21,0,Tarea 21,5,1
22,0,Tarea 22,6,1
23,0,Tarea 23,3,1
24,0,Tarea 24,1,1
25,0,Tarea 25,8,1
26,0,Tarea 26,7,1
27,0,Tarea 27,2,1
28,0,Tarea 28,8,1
29,0,Tarea 29,5,0
30,0,Tarea 30,7,0
31,0,Tarea 31,5,1
32,0,Tarea 32,7,1
33,0,Tarea 33,1,0
34,0,Tarea 34,4,0
35,0,Tarea 35,2,1
36,0,Tarea 36,1,1
37,0,Tarea 37,3,0
38,0,Tarea 38,1,0
39,0,Tarea 39,7,1
40,0,Tarea 40,8,0
41,0,Tarea 41,2,0
42,0,Tarea 42,3,1
43,0,Tarea 43,5,1
44,0,Tarea 44,2,0
45,0,Tarea 45,5,0
46,0,Tarea 46,3,0
47,0,Tarea 47,2,0
48,0,Tarea 48,7,1
49,0,Tarea 49,7,0
50,0,Tarea 50,3,1
51,0,Tarea 51,7,0
52,0,Tarea 52,5,0
53,0,Tarea 53,7,0
54,0,Tarea 54,1,0
55,0,Tarea 55,3,0
56,0,Tarea 56,1,1
57,0,Tarea 57,2,1
58,0,Tarea 58,6,0
59,0,Tarea 59,3,0
60,0,Tarea 60,1,1
61,0,Tarea 61,4,1
62,0,Tarea 62,2,0
63,0,Tarea 63,1,0
64,0,Tarea 64,1,1
65,0,Tarea 65,5,1
66,0,Tarea 66,4,0
67,0,Tarea 67,6,1
68,0,Tarea 68,3,0
69,0,Tarea 69,6,1
70,0,Tarea 70,5,0
71,0,Tarea 71,8,0
72,0,Tarea 72,2,0
73,0,Tarea 73,8,0
74,0,Tarea 74,7,1
75,0,Tarea 75,7,1
76,0,Tarea 76,5,0
77,0,Tarea 77,2,0
78,0,Tarea 78,3,0
79,0,Tarea 79,5,0
80,0,Tarea 80,5,1
81,0,Tarea 81,6,0
82,0,Tarea 82,5,1
83,0,Tarea 83,5,1
84,0,Tarea 84,3,1
85,0,Tarea 85,8,0
86,0,Tarea 86,6,0
87,0,Tarea 87,1,0
88,0,Tarea 88,5,0
89,0,Tarea 89,4,0
90,0,Tarea 90,7,0
91,0,Tarea 91,4,1
92,0,Tarea 92,2,0
93,0,Tarea 93,7,0
94,0,Tarea 94,7,0
95,0,Tarea 95,5,1
96,0,Tarea 96,6,0
97,0,Tarea 97,7,0
98,0,Tarea 98,6,0
99,0,Tarea 99,5,0
100,0,Tarea 100,4,0
101,0,Tarea 101,5,0
102,0,Tarea 102,8,0
103,0,Tarea 103,1,1
104,0,Tarea 104,2,0
105,0,Tarea 105,4,0
106,0,Tarea 106,3,1
107,0,Tarea 107,7,0
108,0,Tarea 108,3,1
109,0,Tarea 109,4,1
110,0,Tarea 110,1,1
111,0,Tarea 111,6,0
112,0,Tarea 112,3,0
113,0,Tarea 113,6,0
114,0,Tarea 114,7,0
115,0,Tarea 115,2,0
116,0,Tarea 116,2,0
117,0,Tarea 117,7,0
118,0,Tarea 118,4,0
119,0,Tarea 119,2,1
120,0,Tarea 120,2,1
121,0,Tarea 121,8,0
122,0,Tarea 122,8,0
123,0,Tarea 123,3,0
124,0,Tarea 124,3,1
125,0,Tarea 125,7,0
126,0,Tarea 126,8,0
127,0,Tarea 127,2,0
128,0,Tarea 128,7,1
129,0,Tarea 129,4,1
130,0,Tarea 130,7,0
131,0,Tarea 131,4,1
132,0,Tarea 132,2,1
133,0,Tarea 133,8,0
134,0,Tarea 134,3,1
135,0,Tarea 135,4,0
136,0,Tarea 136,3,0
137,0,Tarea 137,8,0
138,0,Tarea 138,2,1
139,0,Tarea 139,4,0
140,0,Tarea 140,8,1
141,0,Tarea 141,4,1
142,0,Tarea 142,4,1
143,0,Tarea 143,7,1
144,0,Tarea 144,4,0
145,0,Tarea 145,5,0
146,0,Tarea 146,2,1
147,0,Tarea 147,1,1
148,0,Tarea 148,6,1
149,0,Tarea 149,3,1
150,0,Tarea 150,3,0
151,0,Tarea 151,7,1
152,0,Tarea 152,6,0
153,0,Tarea 153,4,1
154,0,Tarea 154,7,1
155,0,Tarea 155,4,1
156,0,Tarea 156,7,0
157,0,Tarea 157,6,1
158,0,Tarea 158,3,1
159,0,Tarea 159,1,0
160,0,Tarea 160,3,0
161,0,Tarea 161,7,1
162,0,Tarea 162,5,0
163,0,Tarea 163,3,0
164,0,Tarea 164,7,0
165,0,Tarea 165,2,1
166,0,Tarea 166,5,0
167,0,Tarea 167,3,1
168,0,Tarea 168,6,1
169,0,Tarea 169,5,1
170,0,Tarea 170,6,1
171,0,Tarea 171,8,1
172,0,Tarea 172,7,0
173,0,Tarea 173,5,0
174,0,Tarea 174,6,0
175,0,Tarea 175,3,0
176,0,Tarea 176,5,1
177,0,Tarea 177,7,1
178,0,Tarea 178,4,1
179,0,Tarea 179,5,1
180,0,Tarea 180,7,0
181,0,Tarea 181,7,0
182,0,Tarea 182,8,1
183,0,Tarea 183,5,0
184,0,Tarea 184,4,0
185,0,Tarea 185,3,0
186,0,Tarea 186,8,1
187,0,Tarea 187,7,0
188,0,Tarea 188,2,0
189,0,Tarea 189,4,0
190,0,Tarea 190,5,1
191,0,Tarea 191,5,1
192,0,Tarea 192,4,1
193,0,Tarea 193,5,0
194,0,Tarea 194,6,1
195,0,Tarea 195,5,0
196,0,Tarea 196,6,0
197,0,Tarea 197,7,0
198,0,Tarea 198,8,1
199,0,Tarea 199,5,1
200,0,Tarea 200,4,0
201,0,Tarea 201,1,0
202,0,Tarea 202,6,1
203,0,Tarea 203,7,1
204,0,Tarea 204,1,0
205,0,Tarea 205,1,0
206,0,Tarea 206,5,1
207,0,Tarea 207,5,1
208,0,Tarea 208,6,1
209,0,Tarea 209,3,0
210,0,Tarea 210,4,0
211,0,Tarea 211,8,0
212,0,Tarea 212,4,0
213,0,Tarea 213,6,0
214,0,Tarea 214,6,0
215,0,Tarea 215,6,0
216,0,Tarea 216,8,0
217,0,Tarea 217,4,0
218,0,Tarea 218,1,1
219,0,Tarea 219,1,1
220,0,Tarea 220,1,1
221,0,Tarea 221,8,0
222,0,Tarea 222,4,1
223,0,Tarea 223,3,0
224,0,Tarea 224,1,0
225,0,Tarea 225,4,1
226,0,Tarea 226,1,0
227,0,Tarea 227,6,0
228,0,Tarea 228,2,1
229,0,Tarea 229,8,0
230,0,Tarea 230,2,0
231,0,Tarea 231,8,0
232,0,Tarea 232,6,0
233,0,Tarea 233,2,0
234,0,Tarea 234,1,0
235,0,Tarea 235,5,1
236,0,Tarea 236,4,0
237,0,Tarea 237,2,1
238,0,Tarea 238,3,1
239,0,Tarea 239,7,1
240,0,Tarea 240,2,0
241,0,Tarea 241,1,0
242,0,Tarea 242,2,1
243,0,Tarea 243,8,0
244,0,Tarea 244,6,0
245,0,Tarea 245,5,0
246,0,Tarea 246,7,0
247,0,Tarea 247,3,0
248,0,Tarea 248,7,0
249,0,Tarea 249,7,1
250,0,Tarea 250,2,1
251,0,Tarea 251,1,0
252,0,Tarea 252,6,0
253,0,Tarea 253,8,0
254,0,Tarea 254,3,0
255,0,Tarea 255,3,0
256,0,Tarea 256,8,0
257,0,Tarea 257,4,1
258,0,Tarea 258,2,0
259,0,Tarea 259,2,0
260,0,Tarea 260,5,0
261,0,Tarea 261,1,1
262,0,Tarea 262,8,1
263,0,Tarea 263,6,1
264,0,Tarea 264,2,0
265,0,Tarea 265,1,0
266,0,Tarea 266,5,1
267,0,Tarea 267,2,0
268,0,Tarea 268,1,0
269,0,Tarea 269,6,0
270,0,Tarea 270,8,0
271,0,Tarea 271,1,1
272,0,Tarea 272,2,1
273,0,Tarea 273,4,1
274,0,Tarea 274,6,1
275,0,Tarea 275,3,0
276,0,Tarea 276,1,0
277,0,Tarea 277,7,1
278,0,Tarea 278,8,0
279,0,Tarea 279,7,0
280,0,Tarea 280,7,1
281,0,Tarea 281,7,0
282,0,Tarea 282,8,0
283,0,Tarea 283,5,0
284,0,Tarea 284,6,0
285,0,Tarea 285,7,0
286,0,Tarea 286,5,1
287,0,Tarea 287,6,0
288,0,Tarea 288,2,0
289,0,Tarea 289,3,0
290,0,Tarea 290,4,0
291,0,Tarea 291,5,1
292,0,Tarea 292,2,0
293,0,Tarea 293,6,0
294,0,Tarea 294,1,0
295,0,Tarea 295,1,0
296,0,Tarea 296,8,0
297,0,Tarea 297,2,1
298,0,Tarea 298,6,1
299,0,Tarea 299,4,0
300,0,Tarea 300,7,1
301,0,Tarea 301,2,1
302,0,Tarea 302,5,0
303,0,Tarea 303,7,0
304,0,Tarea 304,1,1
305,0,Tarea 305,3,0
306,0,Tarea 306,8,0
307,0,Tarea 307,7,0
308,0,Tarea 308,1,0
309,0,Tarea 309,3,1
310,0,Tarea 310,1,0
311,0,Tarea 311,5,0
312,0,Tarea 312,4,1
313,0,Tarea 313,4,0
314,0,Tarea 314,3,1
315,0,Tarea 315,4,0
316,0,Tarea 316,6,0
317,0,Tarea 317,8,1
318,0,Tarea 318,5,0
319,0,Tarea 319,8,0
320,0,Tarea 320,1,0
321,0,Tarea 321,3,1
322,0,Tarea 322,8,0
323,0,Tarea 323,4,1
324,0,Tarea 324,6,1
325,0,Tarea 325,2,1
326,0,Tarea 326,6,0
327,0,Tarea 327,5,0
328,0,Tarea 328,6,1
329,0,Tarea 329,8,0
330,0,Tarea 330,5,0
331,0,Tarea 331,8,0
332,0,Tarea 332,4,1
333,0,Tarea 333,3,0
334,0,Tarea 334,6,0
335,0,Tarea 335,7,0
336,0,Tarea 336,5,0
337,0,Tarea 337,7,1
338,0,Tarea 338,3,1
339,0,Tarea 339,2,1
340,0,Tarea 340,4,0
341,0,Tarea 341,6,0
342,0,Tarea 342,2,1
343,0,Tarea 343,8,0
344,0,Tarea 344,8,0
345,0,Tarea 345,7,0
346,0,Tarea 346,5,0
347,0,Tarea 347,5,0
348,0,Tarea 348,8,0
349,0,Tarea 349,4,0
350,0,Tarea 350,5,1
351,0,Tarea 351,5,0
352,0,Tarea 352,1,1
353,0,Tarea 353,6,0
354,0,Tarea 354,2,0
355,0,Tarea 355,3,0
356,0,Tarea 356,1,0
357,0,Tarea 357,3,1
358,0,Tarea 358,2,0
359,0,Tarea 359,8,1
360,0,Tarea 360,3,0
361,0,Tarea 361,6,1
362,0,Tarea 362,4,0
363,0,Tarea 363,1,0
364,0,Tarea 364,5,0
365,0,Tarea 365,4,0
366,0,Tarea 366,3,1
367,0,Tarea 367,3,0
368,0,Tarea 368,3,0
369,0,Tarea 369,4,0
370,0,Tarea 370,5,0
371,0,Tarea 371,1,0
372,0,Tarea 372,5,0
373,0,Tarea 373,3,0
374,0,Tarea 374,1,1
375,0,Tarea 375,4,1
376,0,Tarea 376,5,0
377,0,Tarea 377,7,0
378,0,Tarea 378,7,1
379,0,Tarea 379,1,0
380,0,Tarea 380,4,0
381,0,Tarea 381,4,1
382,0,Tarea 382,1,1
383,0,Tarea 383,7,0
384,0,Tarea 384,4,0
385,0,Tarea 385,5,1
386,0,Tarea 386,3,1
387,0,Tarea 387,8,1
388,0,Tarea 388,3,1
389,0,Tarea 389,7,0
390,0,Tarea 390,7,0
391,0,Tarea 391,6,0
392,0,Tarea 392,4,0
393,0,Tarea 393,7,1
394,0,Tarea 394,8,1
395,0,Tarea 395,8,1
396,0,Tarea 396,6,1
397,0,Tarea 397,8,1
398,0,Tarea 398,8,1
399,0,Tarea 399,5,0
400,0,Tarea 400,7,1
401,0,Tarea 401,4,1
402,0,Tarea 402,4,0
403,0,Tarea 403,6,1
404,0,Tarea 404,3,0
405,0,Tarea 405,8,0
406,0,Tarea 406,3,0
407,0,Tarea 407,8,0
408,0,Tarea 408,8,0
409,0,Tarea 409,7,0
410,0,Tarea 410,6,0
411,0,Tarea 411,4,1
412,0,Tarea 412,6,1
413,0,Tarea 413,3,1
414,0,Tarea 414,8,0
415,0,Tarea 415,5,0
416,0,Tarea 416,2,0
417,0,Tarea 417,2,0
418,0,Tarea 418,7,0
419,0,Tarea 419,2,0
420,0,Tarea 420,8,0
421,0,Tarea 421,3,0
422,0,Tarea 422,4,1
423,0,Tarea 423,1,1
424,0,Tarea 424,8,1
425,0,Tarea 425,8,0
426,0,Tarea 426,3,0
427,0,Tarea 427,7,1
428,0,Tarea 428,1,0
429,0,Tarea 429,7,0
430,0,Tarea 430,5,1
431,0,Tarea 431,3,0
432,0,Tarea 432,8,1
433,0,Tarea 433,4,0
434,0,Tarea 434,7,1
435,0,Tarea 435,4,1
436,0,Tarea 436,2,1
437,0,Tarea 437,4,0
438,0,Tarea 438,8,0
439,0,Tarea 439,6,0
440,0,Tarea 440,6,1
441,0,Tarea 441,1,0
442,0,Tarea 442,2,1
443,0,Tarea 443,3,0
444,0,Tarea 444,6,0
445,0,Tarea 445,1,0
446,0,Tarea 446,5,1
447,0,Tarea 447,5,1
448,0,Tarea 448,6,0
449,0,Tarea 449,4,0
450,0,Tarea 450,4,1
451,0,Tarea 451,2,0
452,0,Tarea 452,3,0
453,0,Tarea 453,2,1
454,0,Tarea 454,2,1
455,0,Tarea 455,8,0
456,0,Tarea 456,4,0
457,0,Tarea 457,7,0
458,0,Tarea 458,7,0
459,0,Tarea 459,4,0
460,0,Tarea 460,1,0
461,0,Tarea 461,4,0
462,0,Tarea 462,4,0
463,0,Tarea 463,7,0
464,0,Tarea 464,7,1
465,0,Tarea 465,2,0
466,0,Tarea 466,7,1
467,0,Tarea 467,6,0
468,0,Tarea 468,8,1
469,0,Tarea 469,2,1
470,0,Tarea 470,5,1
471,0,Tarea 471,6,1
472,0,Tarea 472,1,1
473,0,Tarea 473,2,0
474,0,Tarea 474,8,0
475,0,Tarea 475,1,0
476,0,Tarea 476,3,1
477,0,Tarea 477,4,0
478,0,Tarea 478,6,0
479,0,Tarea 479,8,0
480,0,Tarea 480,3,1
481,0,Tarea 481,5,1
482,0,Tarea 482,6,0
483,0,Tarea 483,5,0
484,0,Tarea 484,2,0
485,0,Tarea 485,2,1
486,0,Tarea 486,3,0
487,0,Tarea 487,2,0
488,0,Tarea 488,3,1
489,0,Tarea 489,2,1
490,0,Tarea 490,2,1
491,0,Tarea 491,4,1
492,0,Tarea 492,3,0
493,0,Tarea 493,1,0
494,0,Tarea 494,7,0
495,0,Tarea 495,6,0
496,0,Tarea 496,3,0
497,0,Tarea 497,7,1
498,0,Tarea 498,7,0
499,0,Tarea 499,5,0
500,0,Tarea 500,4,0
501,0,Tarea 501,7,1
502,0,Tarea 502,2,0
503,0,Tarea 503,5,1
504,0,Tarea 504,8,1
505,0,Tarea 505,2,0
506,0,Tarea 506,4,1
507,0,Tarea 507,8,0
508,0,Tarea 508,8,0
509,0,Tarea 509,7,1
510,0,Tarea 510,4,1
511,0,Tarea 511,2,0
512,0,Tarea 512,1,1
513,0,Tarea 513,3,1
514,0,Tarea 514,3,0
515,0,Tarea 515,5,0
516,0,Tarea 516,6,1
517,0,Tarea 517,7,0
518,0,Tarea 518,6,1
519,0,Tarea 519,1,0
520,0,Tarea 520,2,0
521,0,Tarea 521,8,0
522,0,Tarea 522,3,1
523,0,Tarea 523,4,0
524,0,Tarea 524,6,1
525,0,Tarea 525,3,0
526,0,Tarea 526,5,0
527,0,Tarea 527,3,0
528,0,Tarea 528,2,0
529,0,Tarea 529,7,1
530,0,Tarea 530,7,1
531,0,Tarea 531,2,1
532,0,Tarea 532,8,0
533,0,Tarea 533,7,1
534,0,Tarea 534,6,1
535,0,Tarea 535,8,0
536,0,Tarea 536,8,1
537,0,Tarea 537,3,0
538,0,Tarea 538,8,0
539,0,Tarea 539,4,1
540,0,Tarea 540,8,0
541,0,Tarea 541,3,0
542,0,Tarea 542,3,0
543,0,Tarea 543,1,0
544,0,Tarea 544,3,0
545,0,Tarea 545,2,1
546,0,Tarea 546,7,0
547,0,Tarea 547,8,0
548,0,Tarea 548,8,0
549,0,Tarea 549,8,1
550,0,Tarea 550,8,1
551,0,Tarea 551,5,1
552,0,Tarea 552,2,0
553,0,Tarea 553,8,1
554,0,Tarea 554,2,1
555,0,Tarea 555,4,1
556,0,Tarea 556,2,0
557,0,Tarea 557,6,0
558,0,Tarea 558,1,0
559,0,Tarea 559,4,0
560,0,Tarea 560,3,0
561,0,Tarea 561,4,0
562,0,Tarea 562,6,1
563,0,Tarea 563,6,1
564,0,Tarea 564,6,0
565,0,Tarea 565,6,0
566,0,Tarea 566,5,1
567,0,Tarea 567,5,1
568,0,Tarea 568,1,0
569,0,Tarea 569,7,0
570,0,Tarea 570,5,0
571,0,Tarea 571,2,1
572,0,Tarea 572,2,1
573,0,Tarea 573,4,1
574,0,Tarea 574,7,1
575,0,Tarea 575,3,0
576,0,Tarea 576,4,0
577,0,Tarea 577,6,1
578,0,Tarea 578,2,0
579,0,Tarea 579,6,0
580,0,Tarea 580,7,0
581,0,Tarea 581,1,1
582,0,Tarea 582,2,0
583,0,Tarea 583,4,0
584,0,Tarea 584,5,1
585,0,Tarea 585,1,1
586,0,Tarea 586,6,0
587,0,Tarea 587,4,0
588,0,Tarea 588,2,0
589,0,Tarea 589,4,0
590,0,Tarea 590,2,0
591,0,Tarea 591,1,1
592,0,Tarea 592,8,1
593,0,Tarea 593,2,0
594,0,Tarea 594,2,0
595,0,Tarea 595,1,0
596,0,Tarea 596,3,0
597,0,Tarea 597,3,1
598,0,Tarea 598,4,0
599,0,Tarea 599,4,1
600,0,Tarea 600,2,0
601,0,Tarea 601,1,0
602,0,Tarea 602,8,0
603,0,Tarea 603,7,1
604,0,Tarea 604,4,1
605,0,Tarea 605,6,0
606,0,Tarea 606,6,1
607,0,Tarea 607,8,0
608,0,Tarea 608,2,0
609,0,Tarea 609,7,1
610,0,Tarea 610,7,0
611,0,Tarea 611,3,0
612,0,Tarea 612,7,0
613,0,Tarea 613,2,1
614,0,Tarea 614,8,0
615,0,Tarea 615,1,1
616,0,Tarea 616,8,0
617,0,Tarea 617,6,1
618,0,Tarea 618,6,0
619,0,Tarea 619,4,0
620,0,Tarea 620,5,1
621,0,Tarea 621,7,0
622,0,Tarea 622,1,1
623,0,Tarea 623,8,0
624,0,Tarea 624,6,1
625,0,Tarea 625,7,1
626,0,Tarea 626,5,0
627,0,Tarea 627,6,0
628,0,Tarea 628,8,1
629,0,Tarea 629,4,0
630,0,Tarea 630,3,0
631,0,Tarea 631,6,0
632,0,Tarea 632,4,1
633,0,Tarea 633,6,1
634,0,Tarea 634,4,0
635,0,Tarea 635,5,0
636,0,Tarea 636,2,0
637,0,Tarea 637,8,0
638,0,Tarea 638,8,0
639,0,Tarea 639,1,0
640,0,Tarea 640,7,0
641,0,Tarea 641,8,0
642,0,Tarea 642,8,0
643,0,Tarea 643,1,0
644,0,Tarea 644,3,0
645,0,Tarea 645,5,1
646,0,Tarea 646,3,1
647,0,Tarea 647,8,0
648,0,Tarea 648,5,1
649,0,Tarea 649,3,0
650,0,Tarea 650,6,0
651,0,Tarea 651,5,0
652,0,Tarea 652,2,0
653,0,Tarea 653,3,1
654,0,Tarea 654,6,0
655,0,Tarea 655,2,0
656,0,Tarea 656,3,1
657,0,Tarea 657,4,1
658,0,Tarea 658,4,1
659,0,Tarea 659,3,0
660,0,Tarea 660,6,0
661,0,Tarea 661,3,0
662,0,Tarea 662,4,1
663,0,Tarea 663,7,1
664,0,Tarea 664,5,0
665,0,Tarea 665,3,0
666,0,Tarea 666,8,0
667,0,Tarea 667,3,0
668,0,Tarea 668,7,1
669,0,Tarea 669,2,0
670,0,Tarea 670,1,0
671,0,Tarea 671,2,0
672,0,Tarea 672,8,1
673,0,Tarea 673,6,0
674,0,Tarea 674,5,0
675,0,Tarea 675,4,1
676,0,Tarea 676,7,1
677,0,Tarea 677,1,1
678,0,Tarea 678,5,1
679,0,Tarea 679,3,0
680,0,Tarea 680,4,0
681,0,Tarea 681,1,0
682,0,Tarea 682,6,0
683,0,Tarea 683,7,0
684,0,Tarea 684,4,0
685,0,Tarea 685,8,0
686,0,Tarea 686,6,0
687,0,Tarea 687,4,0
688,0,Tarea 688,1,1
689,0,Tarea 689,1,0
690,0,Tarea 690,6,1
691,0,Tarea 691,3,1
692,0,Tarea 692,4,0
693,0,Tarea 693,5,0
694,0,Tarea 694,2,0
695,0,Tarea 695,5,0
696,0,Tarea 696,4,0
697,0,Tarea 697,7,0
698,0,Tarea 698,4,0
699,0,Tarea 699,5,0
700,0,Tarea 700,2,0
701,0,Tarea 701,8,1
702,0,Tarea 702,7,1
703,0,Tarea 703,6,0
704,0,Tarea 704,5,0
705,0,Tarea 705,5,1
706,0,Tarea 706,8,1
707,0,Tarea 707,7,1
708,0,Tarea 708,8,1
709,0,Tarea 709,1,0
710,0,Tarea 710,4,0
711,0,Tarea 711,7,1
712,0,Tarea 712,5,1
713,0,Tarea 713,8,0
714,0,Tarea 714,2,1
715,0,Tarea 715,8,0
716,0,Tarea 716,6,1
717,0,Tarea 717,8,1
718,0,Tarea 718,8,0
719,0,Tarea 719,6,1
720,0,Tarea 720,6,1
721,0,Tarea 721,2,0
722,0,Tarea 722,1,1
723,0,Tarea 723,8,1
724,0,Tarea 724,1,1
725,0,Tarea 725,1,0
726,0,Tarea 726,4,1
727,0,Tarea 727,1,1
728,0,Tarea 728,4,0
729,0,Tarea 729,7,1
730,0,Tarea 730,1,0
731,0,Tarea 731,6,0
732,0,Tarea 732,8,0
733,0,Tarea 733,2,0
734,0,Tarea 734,5,1
735,0,Tarea 735,6,1
736,0,Tarea 736,6,1
737,0,Tarea 737,5,1
738,0,Tarea 738,1,0
739,0,Tarea 739,5,0
740,0,Tarea 740,1,1
741,0,Tarea 741,6,0
742,0,Tarea 742,7,0
743,0,Tarea 743,3,0
744,0,Tarea 744,1,0
745,0,Tarea 745,4,0
746,0,Tarea 746,3,1
747,0,Tarea 747,2,1
748,0,Tarea 748,3,1
749,0,Tarea 749,8,0
750,0,Tarea 750,6,1
751,0,Tarea 751,8,1
752,0,Tarea 752,5,1
753,0,Tarea 753,3,1
754,0,Tarea 754,8,0
755,0,Tarea 755,5,0
756,0,Tarea 756,3,0
757,0,Tarea 757,8,0
758,0,Tarea 758,3,1
759,0,Tarea 759,4,1
760,0,Tarea 760,5,1
761,0,Tarea 761,8,0
762,0,Tarea 762,7,0
763,0,Tarea 763,7,0
764,0,Tarea 764,8,0
765,0,Tarea 765,4,1
766,0,Tarea 766,4,0
767,0,Tarea 767,4,0
768,0,Tarea 768,2,0
769,0,Tarea 769,2,1
770,0,Tarea 770,3,1
771,0,Tarea 771,2,0
772,0,Tarea 772,4,0
773,0,Tarea 773,3,0
774,0,Tarea 774,8,0
775,0,Tarea 775,3,0
776,0,Tarea 776,7,1
777,0,Tarea 777,4,0
778,0,Tarea 778,4,0
779,0,Tarea 779,5,0
780,0,Tarea 780,3,1
781,0,Tarea 781,8,0
782,0,Tarea 782,2,1
783,0,Tarea 783,7,0
784,0,Tarea 784,2,0
785,0,Tarea 785,3,0
786,0,Tarea 786,5,1
787,0,Tarea 787,8,0
788,0,Tarea 788,1,0
789,0,Tarea 789,6,0
790,0,Tarea 790,4,0
791,0,Tarea 791,5,1
792,0,Tarea 792,6,1
793,0,Tarea 793,8,0
794,0,Tarea 794,5,0
795,0,Tarea 795,3,0
796,0,Tarea 796,1,0
797,0,Tarea 797,7,0
798,0,Tarea 798,3,0
799,0,Tarea 799,2,0
800,0,Tarea 800,3,0
801,0,Tarea 801,2,0
802,0,Tarea 802,2,1
803,0,Tarea 803,5,0
804,0,Tarea 804,3,0
805,0,Tarea 805,3,1
806,0,Tarea 806,6,1
807,0,Tarea 807,3,1
808,0,Tarea 808,2,0
809,0,Tarea 809,1,0
810,0,Tarea 810,8,0
811,0,Tarea 811,2,0
812,0,Tarea 812,6,0
813,0,Tarea 813,5,0
814,0,Tarea 814,7,0
815,0,Tarea 815,7,0
816,0,Tarea 816,5,0
817,0,Tarea 817,4,0
818,0,Tarea 818,7,1
819,0,Tarea 819,3,0
820,0,Tarea 820,3,1
821,0,Tarea 821,4,1
822,0,Tarea 822,1,1
823,0,Tarea 823,7,1
824,0,Tarea 824,3,1
825,0,Tarea 825,8,1
826,0,Tarea 826,7,1
827,0,Tarea 827,1,0
828,0,Tarea 828,7,1
829,0,Tarea 829,7,1
830,0,Tarea 830,7,1
831,0,Tarea 831,3,0
832,0,Tarea 832,2,0
833,0,Tarea 833,7,0
834,0,Tarea 834,8,1
835,0,Tarea 835,1,0
836,0,Tarea 836,4,0
837,0,Tarea 837,4,1
838,0,Tarea 838,2,0
839,0,Tarea 839,7,1
840,0,Tarea 840,1,0
841,0,Tarea 841,5,1
842,0,Tarea 842,4,1
843,0,Tarea 843,7,1
844,0,Tarea 844,4,1
845,0,Tarea 845,3,0
846,0,Tarea 846,5,0
847,0,Tarea 847,7,0
848,0,Tarea 848,5,0
849,0,Tarea 849,7,1
850,0,Tarea 850,6,0
851,0,Tarea 851,3,0
852,0,Tarea 852,5,0
853,0,Tarea 853,5,0
854,0,Tarea 854,6,1
855,0,Tarea 855,1,0
856,0,Tarea 856,1,0
857,0,Tarea 857,4,1
858,0,Tarea 858,6,1
859,0,Tarea 859,2,0
860,0,Tarea 860,6,0
861,0,Tarea 861,1,0
862,0,Tarea 862,7,1
863,0,Tarea 863,6,0
864,0,Tarea 864,5,0
865,0,Tarea 865,4,0
866,0,Tarea 866,5,1
867,0,Tarea 867,8,1
868,0,Tarea 868,1,0
869,0,Tarea 869,3,0
870,0,Tarea 870,8,1
871,0,Tarea 871,7,0
872,0,Tarea 872,6,0
873,0,Tarea 873,3,0
874,0,Tarea 874,6,0
875,0,Tarea 875,8,0
876,0,Tarea 876,4,1
877,0,Tarea 877,8,1
878,0,Tarea 878,6,1
879,0,Tarea 879,7,0
880,0,Tarea 880,7,0
881,0,Tarea 881,8,1
882,0,Tarea 882,4,0
883,0,Tarea 883,1,0
884,0,Tarea 884,1,0
885,0,Tarea 885,1,0
886,0,Tarea 886,3,0
887,0,Tarea 887,5,0
888,0,Tarea 888,3,0
889,0,Tarea 889,4,1
890,0,Tarea 890,5,0
891,0,Tarea 891,6,0
892,0,Tarea 892,3,0
893,0,Tarea 893,7,0
894,0,Tarea 894,2,0
895,0,Tarea 895,3,0
896,0,Tarea 896,3,0
897,0,Tarea 897,2,0
898,0,Tarea 898,4,1
899,0,Tarea 899,6,0
900,0,Tarea 900,6,0
901,0,Tarea 901,4,0
902,0,Tarea 902,2,0
903,0,Tarea 903,6,0
904,0,Tarea 904,8,0
905,0,Tarea 905,1,0
906,0,Tarea 906,5,1
907,0,Tarea 907,7,0
908,0,Tarea 908,1,0
909,0,Tarea 909,2,0
910,0,Tarea 910,7,0
911,0,Tarea 911,1,0
912,0,Tarea 912,2,1
913,0,Tarea 913,1,0
914,0,Tarea 914,3,0
915,0,Tarea 915,5,0
916,0,Tarea 916,4,0
917,0,Tarea 917,8,0
918,0,Tarea 918,1,1
919,0,Tarea 919,8,0
920,0,Tarea 920,8,0
921,0,Tarea 921,8,1
922,0,Tarea 922,5,1
923,0,Tarea 923,2,1
924,0,Tarea 924,7,0
925,0,Tarea 925,3,0
926,0,Tarea 926,2,0
927,0,Tarea 927,4,0
928,0,Tarea 928,4,0
929,0,Tarea 929,3,1
930,0,Tarea 930,7,0
931,0,Tarea 931,4,1
932,0,Tarea 932,2,1
933,0,Tarea 933,4,0
934,0,Tarea 934,8,0
935,0,Tarea 935,3,0
936,0,Tarea 936,4,0
937,0,Tarea 937,5,1
938,0,Tarea 938,5,0
939,0,Tarea 939,5,1
940,0,Tarea 940,8,0
941,0,Tarea 941,7,0
942,0,Tarea 942,6,1
943,0,Tarea 943,5,0
944,0,Tarea 944,2,0
945,0,Tarea 945,1,0
946,0,Tarea 946,4,0
947,0,Tarea 947,2,1
948,0,Tarea 948,2,1
949,0,Tarea 949,5,1
950,0,Tarea 950,8,0
951,0,Tarea 951,3,1
952,0,Tarea 952,5,0
953,0,Tarea 953,6,1
954,0,Tarea 954,8,1
955,0,Tarea 955,2,1
956,0,Tarea 956,1,1
957,0,Tarea 957,6,0
958,0,Tarea 958,1,0
959,0,Tarea 959,7,1
960,0,Tarea 960,4,0
961,0,Tarea 961,4,1
962,0,Tarea 962,6,1
963,0,Tarea 963,1,1
964,0,Tarea 964,7,0
965,0,Tarea 965,8,0
966,0,Tarea 966,4,1
967,0,Tarea 967,1,1
968,0,Tarea 968,5,0
969,0,Tarea 969,3,0
970,0,Tarea 970,8,0
971,0,Tarea 971,3,0
972,0,Tarea 972,7,0
973,0,Tarea 973,6,0
974,0,Tarea 974,5,0
975,0,Tarea 975,1,0
976,0,Tarea 976,4,0
977,0,Tarea 977,5,1
978,0,Tarea 978,6,0
979,0,Tarea 979,5,0
980,0,Tarea 980,7,0
981,0,Tarea 981,1,1
982,0,Tarea 982,7,1
983,0,Tarea 983,4,0
984,0,Tarea 984,8,0
985,0,Tarea 985,4,1
986,0,Tarea 986,3,1
987,0,Tarea 987,7,1
988,0,Tarea 988,6,1
989,0,Tarea 989,1,0
990,0,Tarea 990,1,1
991,0,Tarea 991,6,0
992,0,Tarea 992,8,0
993,0,Tarea 993,2,0
994,0,Tarea 994,2,1
995,0,Tarea 995,4,1
996,0,Tarea 996,3,1
997,0,Tarea 997,2,0
998,0,Tarea 998,7,0
999,0,Tarea 999,5,1
1000,0,Tarea 1000,8,1
