carga,n,estructura,fase,operaciones,comparaciones,nodosVisitados,correctas,incorrectas
base,100,lista,insercion,100,0,0,100,0
base,100,lista,consulta_individual,200,10855,10855,200,0
base,100,arbol,insercion,100,100,5050,100,0
base,100,arbol,consulta_individual,200,11055,11055,200,0
modificada,100,lista,insercion,100,1860,1860,100,0
modificada,100,lista,consulta_individual,200,10855,10855,200,0
modificada,100,lista,consulta_descendientes,200,77294,77294,200,0
modificada,100,arbol,insercion,100,2111,2392,100,0
modificada,100,arbol,consulta_individual,200,12233,12233,200,0
modificada,100,arbol,consulta_descendientes,200,10853,11338,200,0
base,500,lista,insercion,500,0,0,500,0
base,500,lista,consulta_individual,200,50816,50816,200,0
base,500,arbol,insercion,500,500,125250,500,0
base,500,arbol,consulta_individual,200,51016,51016,200,0
modificada,500,lista,insercion,500,54274,54274,500,0
modificada,500,lista,consulta_individual,200,50816,50816,200,0
modificada,500,lista,consulta_descendientes,200,347984,347984,200,0
modificada,500,arbol,insercion,500,51477,56841,500,0
modificada,500,arbol,consulta_individual,200,54643,54643,200,0
modificada,500,arbol,consulta_descendientes,200,54886,55290,200,0
base,1000,lista,insercion,1000,0,0,1000,0
base,1000,lista,consulta_individual,200,106876,106876,200,0
base,1000,arbol,insercion,1000,1000,500500,1000,0
base,1000,arbol,consulta_individual,200,107076,107076,200,0
modificada,1000,lista,insercion,1000,203867,203867,1000,0
modificada,1000,lista,consulta_individual,200,106876,106876,200,0
modificada,1000,lista,consulta_descendientes,200,861804,861804,200,0
modificada,1000,arbol,insercion,1000,205704,224159,1000,0
modificada,1000,arbol,consulta_individual,200,110789,110789,200,0
modificada,1000,arbol,consulta_descendientes,200,113168,113739,200,0
